thal_3.0,chol,oldpeak,hr_ratio,cp_4.0,ca_0.0,thalach,slope_2.0,sex_1.0,slope_1.0,target
0.0,0.4581394017418573,-0.4454449291255504,0.7262648733016511,1.0,1.0,0.7083712374298184,1.0,1.0,0.0,1
1.0,0.23059761575616325,-0.8916273498556132,-0.05446924256949664,0.0,1.0,0.2224953719213988,0.0,1.0,1.0,0
1.0,0.723604818725167,-0.8916273498556132,0.09952170730646942,0.0,0.0,0.3991775048335514,0.0,0.0,1.0,0
0.0,1.1218029442001316,-0.8916273498556132,0.031765689361044076,0.0,1.0,0.26666590514943694,0.0,1.0,1.0,0
0.0,-0.16760050971880136,-0.7131543815635881,-0.8597608625524433,1.0,1.0,-1.190961691375822,1.0,0.0,0.0,1
0.0,0.11682672276331622,-0.8916273498556132,0.3197287656291006,1.0,0.0,0.00164270578120802,0.0,1.0,1.0,1
0.0,0.3064448777513946,1.0715753013566636,-1.0297452584506148,1.0,0.0,-1.8093491565683564,1.0,1.0,0.0,1
0.0,-0.6226840816901895,4.10561576232109,-1.0301559009836176,1.0,1.0,-1.72100809011228,0.0,1.0,0.0,1
1.0,0.36333032424781814,-0.17773547668751263,-0.714592908314715,0.0,1.0,-0.08669836067486829,0.0,0.0,1.0,0
0.0,1.1597265751977472,0.7146293647726131,-0.3099603141897952,1.0,0.0,-1.3234732910599367,1.0,1.0,0.0,1
1.0,-1.0967294691603855,-0.8916273498556132,2.5716484192009776,0.0,1.0,1.0617355032541238,0.0,1.0,1.0,0
0.0,0.6287957412311279,0.536156396480588,-1.2483390782507364,1.0,1.0,-2.0743723559365854,0.0,1.0,0.0,1
1.0,-0.7174931591842286,0.536156396480588,-0.24614882492358062,0.0,1.0,0.3108364383774751,0.0,1.0,1.0,0
1.0,-0.1486386942199935,-0.6239178974175755,0.6384900318723501,0.0,0.0,-0.04252782744683013,1.0,0.0,0.0,0
1.0,1.1028411287013238,-0.8916273498556132,1.1158619764878448,0.0,1.0,0.8850533703419711,0.0,1.0,1.0,0
1.0,1.0080320512072847,-0.8916273498556132,-0.08948192169919042,1.0,0.0,0.3991775048335514,0.0,0.0,1.0,0
1.0,-0.5278750041961503,0.17921045989653758,-0.07186116161431205,0.0,1.0,-0.3075510268150591,1.0,1.0,0.0,0
1.0,-1.4190803326401187,-0.35620844497953785,-0.5501389353467241,0.0,1.0,-1.190961691375822,0.0,1.0,1.0,0
0.0,-1.0777676536615777,2.142413111108814,-0.9626535151909291,1.0,0.0,-0.3958920932711354,1.0,1.0,0.0,1
1.0,-0.45202774220091896,-0.8916273498556132,1.1928574514258279,0.0,1.0,0.840882837113933,0.0,1.0,1.0,0
1.0,-0.7364549746830366,-0.8916273498556132,-0.021971842112913906,0.0,1.0,0.6642007042017803,0.0,1.0,1.0,0
1.0,-0.3382568492080719,-0.8916273498556132,0.017501264530428412,0.0,0.0,0.6200301709737422,0.0,1.0,1.0,1
0.0,-0.9639967606687306,-0.4454449291255504,0.3080017625231617,0.0,1.0,0.5316891045176659,0.0,1.0,1.0,0
1.0,-1.0019203916663462,-0.8916273498556132,-0.8587419750645424,1.0,1.0,-0.6167447594113261,1.0,0.0,0.0,1
1.0,0.4391775862430495,-0.8916273498556132,-0.9076313052043403,0.0,1.0,-1.1026206249197459,0.0,1.0,1.0,1
1.0,0.4012539552454338,-0.8916273498556132,0.5406272118899508,0.0,1.0,0.5316891045176659,1.0,0.0,0.0,0
1.0,-0.034867801227146486,0.0007374916045124783,-0.9261642195225515,1.0,1.0,-1.2351322246038603,1.0,0.0,0.0,0
0.0,-1.627660303127005,4.641034667197166,-0.6392374560984876,1.0,0.0,-0.21920996035898274,0.0,0.0,0.0,1
1.0,-0.20552414071641703,0.7146293647726131,-0.8225493195160544,0.0,0.0,0.04581323900924617,0.0,0.0,1.0,0
0.0,0.2685212467537789,0.17921045989653758,0.08597050371738392,0.0,1.0,-0.7934268923234787,1.0,1.0,0.0,1
1.0,0.3443685087490103,-0.8916273498556132,1.6248584039803065,0.0,1.0,0.9733944367980474,0.0,0.0,1.0,0
1.0,-0.45202774220091896,1.4285212379407137,-1.3849510494978432,0.0,1.0,-1.5884964904281655,0.0,0.0,0.0,0
1.0,-0.1296768787211857,0.0007374916045124783,-0.7524269117778096,0.0,1.0,-0.572574226183288,1.0,1.0,0.0,0
0.0,0.38229213974662596,-0.17773547668751263,-1.157469246301761,1.0,1.0,-1.72100809011228,0.0,1.0,1.0,1
1.0,1.0080320512072847,0.17921045989653758,1.6421529065755656,1.0,1.0,1.3709292358503908,1.0,1.0,0.0,0
0.0,1.9561228261476766,0.17921045989653758,-0.5644872685586965,1.0,0.0,-0.7934268923234787,1.0,1.0,0.0,1
0.0,0.742566634223975,-0.17773547668751263,-0.27621621039088806,1.0,0.0,-0.21920996035898274,1.0,1.0,0.0,1
0.0,-0.5847604506925738,0.17921045989653758,0.8865339157494834,1.0,1.0,-0.44006262649917355,1.0,1.0,0.0,1
0.0,-0.4709895576997268,0.0007374916045124783,-1.3525418772777937,1.0,0.0,-1.5884964904281655,1.0,0.0,0.0,1
1.0,-0.6606077126878052,-0.8916273498556132,2.112058564658419,0.0,1.0,0.8850533703419711,0.0,0.0,1.0,0
0.0,0.60983392573232,1.6069942062327387,-0.6051408793259513,1.0,0.0,-0.35172156004309724,1.0,1.0,0.0,1
0.0,-0.9829585761675385,0.536156396480588,1.0384265274073594,1.0,1.0,-0.881767958779555,1.0,1.0,0.0,1
1.0,1.1028411287013238,0.44691991233457534,-0.09577505030093257,0.0,0.0,-0.35172156004309724,0.0,0.0,1.0,0
0.0,0.17371216925973973,1.785467174524764,-0.7579423818649446,1.0,0.0,-0.881767958779555,1.0,1.0,0.0,1
1.0,-0.2813714027116484,-0.8916273498556132,1.0596740591672489,0.0,1.0,0.13415430546532248,0.0,1.0,1.0,0
0.0,0.2495594312549711,-0.8916273498556132,1.3037309353365232,0.0,1.0,1.0175649700260856,0.0,1.0,1.0,0
1.0,2.0888555346393316,-0.17773547668751263,-0.6583032934062076,0.0,1.0,0.04581323900924617,0.0,0.0,1.0,0
0.0,0.19267398475854758,2.3208860794008395,-0.6924461745802205,1.0,0.0,-0.44006262649917355,1.0,1.0,0.0,1
1.0,0.2685212467537789,-0.5346814132715629,-0.20090591943267955,1.0,1.0,-0.3075510268150591,1.0,0.0,0.0,0
1.0,0.32540669325020244,-0.8916273498556132,0.28020442182760263,0.0,1.0,0.7525417706578567,0.0,0.0,1.0,0
0.0,0.2495594312549711,-0.7131543815635881,-1.490627338850225,1.0,0.0,-1.986031289480509,1.0,1.0,0.0,0
1.0,-0.3003332182104562,-0.8916273498556132,0.19028920304468036,1.0,1.0,0.44334803806158957,0.0,0.0,1.0,0
1.0,-0.5089131886973425,-0.6239178974175755,-0.9067057233755895,1.0,0.0,-0.35172156004309724,0.0,0.0,1.0,0
1.0,-0.1296768787211857,-0.8916273498556132,0.538462867039875,1.0,1.0,0.08998377223728433,1.0,0.0,0.0,0
0.0,-0.1296768787211857,1.4285212379407137,-0.3693499368758721,1.0,1.0,-0.9701090252356314,1.0,1.0,0.0,1
1.0,-0.1296768787211857,-0.8916273498556132,0.45271797106453565,0.0,1.0,0.08998377223728433,0.0,1.0,1.0,1
1.0,-0.09175324772357,-0.8916273498556132,-1.000061669636429,0.0,1.0,-0.3075510268150591,0.0,1.0,1.0,0
1.0,-0.79334042117946,-0.8916273498556132,-0.7375929660192658,0.0,1.0,-0.44006262649917355,0.0,1.0,1.0,0
0.0,-0.7174931591842286,0.8931023330646382,-0.9761050775771535,1.0,0.0,-0.7934268923234787,1.0,1.0,0.0,1
1.0,0.36333032424781814,0.7146293647726131,-0.21989952015053488,1.0,0.0,0.840882837113933,1.0,0.0,0.0,1
1.0,-0.37618048020568756,-0.8916273498556132,0.26109375009940605,1.0,0.0,0.44334803806158957,0.0,1.0,1.0,1
0.0,0.32540669325020244,0.7146293647726131,-1.5441081473696483,1.0,0.0,-2.251054488848738,1.0,1.0,0.0,1
0.0,2.9800608630833,2.67783201598489,-0.5102824542023561,1.0,0.0,0.17832483869336063,1.0,0.0,0.0,1
1.0,1.31142109918821,-0.8916273498556132,-0.29533232830652517,0.0,0.0,0.08998377223728433,0.0,0.0,1.0,1
0.0,1.0459556822049003,0.17921045989653758,-0.09577505030093257,1.0,1.0,-0.35172156004309724,1.0,0.0,0.0,1
1.0,0.09786490726450839,-0.8916273498556132,0.9549414338674607,0.0,0.0,1.1059060364821618,0.0,1.0,1.0,0
1.0,1.3493447301858257,-0.8916273498556132,2.199958263614646,0.0,1.0,1.415099769078429,0.0,1.0,1.0,0
0.0,0.07890309176570055,-0.7131543815635881,-0.5244404281014001,1.0,0.0,0.575859637745704,1.0,1.0,0.0,1
1.0,-0.6985313436854208,0.3576834281885627,-0.5023111579734825,0.0,0.0,-1.1026206249197459,0.0,1.0,1.0,0
1.0,0.9890702357084769,-0.5346814132715629,-0.7087789574790944,0.0,0.0,0.5316891045176659,0.0,0.0,1.0,0
1.0,1.0649174977037081,-0.8916273498556132,1.3571395038057,0.0,1.0,0.575859637745704,0.0,0.0,1.0,0
0.0,0.07890309176570055,0.3576834281885627,-0.6457944900932062,1.0,0.0,-0.13086889390290646,1.0,1.0,0.0,1
0.0,-0.5089131886973425,-0.8916273498556132,2.0271804178538124,1.0,1.0,1.3709292358503908,0.0,1.0,1.0,1
0.0,-0.18656232521760918,-0.35620844497953785,-0.2532768688921231,0.0,1.0,0.17832483869336063,1.0,1.0,0.0,0
0.0,-0.20552414071641703,1.6069942062327387,-0.6457944900932062,1.0,0.0,-1.0584500916917077,1.0,1.0,0.0,1
1.0,3.169679018071378,-0.17773547668751263,-0.5457240635891941,0.0,0.0,0.3108364383774751,0.0,0.0,1.0,0
0.0,0.4581394017418573,0.536156396480588,-0.8012347665562402,0.0,1.0,0.00164270578120802,1.0,1.0,0.0,1
1.0,0.6856811877275514,0.44691991233457534,-1.5256114395338003,1.0,0.0,-1.8535196897963946,1.0,1.0,0.0,1
0.0,-2.3482092920817026,-0.7131543815635881,0.21007099974374177,0.0,0.0,1.0175649700260856,0.0,1.0,1.0,0
1.0,-1.020882207165154,-0.8916273498556132,0.4843758892364832,0.0,1.0,0.575859637745704,0.0,1.0,1.0,0
1.0,-1.0019203916663462,0.08997397575052513,-1.6300398034056964,0.0,1.0,-1.5001554239720893,1.0,0.0,0.0,0
0.0,3.0179844940809155,0.8038658489186256,-0.2247392357180652,1.0,0.0,0.00164270578120802,1.0,0.0,0.0,1
1.0,-1.9120875356091225,0.536156396480588,-1.3443494920094194,1.0,1.0,-1.1026206249197459,1.0,0.0,0.0,0
0.0,-0.5468368196949581,-0.8916273498556132,0.05838412498246096,0.0,1.0,0.575859637745704,0.0,1.0,1.0,0
0.0,-1.5707748566305815,0.8931023330646382,-0.01566352320075329,1.0,1.0,-1.5884964904281655,1.0,1.0,0.0,1
1.0,0.2874830622525868,-0.35620844497953785,0.05112455163116545,1.0,1.0,-1.2351322246038603,1.0,0.0,0.0,0
1.0,0.13578853826212406,-0.8916273498556132,0.5565144240873147,0.0,1.0,0.26666590514943694,0.0,1.0,1.0,0
1.0,0.05994127626689271,-0.8916273498556132,1.1533440289682928,0.0,1.0,1.2825881693943144,0.0,1.0,1.0,0
1.0,0.36333032424781814,-0.8916273498556132,0.565517177665821,1.0,1.0,0.575859637745704,0.0,0.0,1.0,0
0.0,5.957065896396131,0.536156396480588,-0.5790497559977132,0.0,1.0,0.44334803806158957,1.0,0.0,0.0,0
0.0,0.38229213974662596,2.856304984276915,-0.49420475502886546,0.0,1.0,-0.21920996035898274,0.0,1.0,0.0,0
1.0,0.3064448777513946,-0.35620844497953785,0.7646369038727846,0.0,1.0,0.9292239035700093,0.0,1.0,1.0,0
0.0,-0.9260731296711149,0.44691991233457534,-0.795570950814672,1.0,1.0,-1.0584500916917077,1.0,1.0,0.0,0
1.0,1.5200010696750963,-0.8916273498556132,-0.11263238167018935,1.0,1.0,0.840882837113933,0.0,0.0,1.0,1
1.0,-0.9639967606687306,-0.8916273498556132,2.106142238767134,0.0,1.0,1.2825881693943144,0.0,0.0,1.0,0
0.0,0.9132229737132455,0.17921045989653758,0.6832658619132078,0.0,1.0,1.2384176361662764,1.0,1.0,0.0,0
0.0,-0.39514229570449544,-0.5346814132715629,-0.2820516569125032,0.0,0.0,0.00164270578120802,1.0,1.0,0.0,1
0.0,1.1218029442001316,0.7146293647726131,-0.9951614576243043,0.0,1.0,-0.837597425551517,1.0,1.0,0.0,1
0.0,-1.0967294691603855,-0.5346814132715629,-0.3248449314043508,1.0,1.0,-0.08669836067486829,1.0,1.0,0.0,0
1.0,0.6477575567299357,0.7146293647726131,-0.12711049064891783,0.0,1.0,0.44334803806158957,1.0,1.0,0.0,1
1.0,-0.7174931591842286,-0.8023908657096007,-1.0523305977657567,1.0,0.0,-0.7934268923234787,0.0,1.0,1.0,1
0.0,-0.4330659267021111,-0.35620844497953785,-0.5378083364926852,0.0,1.0,0.2224953719213988,1.0,1.0,0.0,0
0.0,-1.1915385466544246,2.67783201598489,-0.7038710769035709,1.0,0.0,-0.2633804935870209,0.0,1.0,1.0,1
0.0,0.21163580025735543,-0.6239178974175755,-0.4746213921258166,0.0,1.0,-0.3958920932711354,0.0,1.0,1.0,1
1.0,-0.9829585761675385,-0.8916273498556132,1.5058722261249258,0.0,0.0,0.7967123038858948,0.0,0.0,1.0,0
1.0,0.4771012172406652,-0.7131543815635881,0.040235191604222446,0.0,1.0,-0.4842331597272117,0.0,0.0,1.0,0
1.0,0.5339866637370887,-0.8916273498556132,-0.682752318063438,0.0,0.0,0.08998377223728433,1.0,0.0,0.0,0
1.0,0.8373757117180141,0.2684469440425502,-0.15940307555640504,0.0,1.0,0.13415430546532248,1.0,0.0,0.0,0
1.0,1.0269938667060925,-0.8916273498556132,-0.9256180447249617,1.0,0.0,0.5316891045176659,0.0,1.0,1.0,1
1.0,1.2924592836894022,-0.8916273498556132,-0.23925838242065625,0.0,0.0,0.44334803806158957,0.0,0.0,1.0,0
0.0,1.197650206195363,-0.7131543815635881,-0.9570486975300027,0.0,1.0,-0.7492563590954406,0.0,0.0,1.0,0
1.0,-1.020882207165154,-0.8023908657096007,0.47217980600630693,0.0,1.0,0.840882837113933,1.0,0.0,0.0,0
0.0,1.5200010696750963,0.7146293647726131,-0.9361774241450279,1.0,0.0,-0.7934268923234787,0.0,1.0,1.0,1
0.0,0.742566634223975,0.0007374916045124783,-0.8383642253065196,1.0,0.0,-1.146791158147784,1.0,1.0,0.0,1
0.0,0.723604818725167,2.67783201598489,-0.5949774766341376,1.0,0.0,-0.7492563590954406,0.0,0.0,0.0,1
1.0,-0.8691876831746914,-0.8916273498556132,1.0687273553084191,0.0,1.0,0.9733944367980474,0.0,0.0,1.0,0
0.0,-0.45202774220091896,-0.8916273498556132,-0.9372732088018271,1.0,1.0,-1.72100809011228,0.0,1.0,1.0,0
0.0,0.9132229737132455,2.856304984276915,-0.5740528240333446,1.0,0.0,-1.2351322246038603,1.0,1.0,0.0,1
1.0,0.0030558297704691923,-0.8916273498556132,1.8330842152272226,0.0,1.0,1.2825881693943144,0.0,1.0,1.0,0
1.0,0.7615284497227828,-0.8916273498556132,0.7493635157830456,1.0,0.0,0.13415430546532248,0.0,1.0,1.0,1
1.0,-1.267385808649656,0.3576834281885627,2.8504160358907265,1.0,1.0,1.415099769078429,0.0,0.0,1.0,0
0.0,-0.31929503370926404,-0.35620844497953785,0.4843758892364832,0.0,0.0,0.575859637745704,1.0,1.0,0.0,1
1.0,-0.11071506322237784,0.3576834281885627,-0.46219753824108684,1.0,1.0,0.17832483869336063,1.0,0.0,0.0,1
1.0,-2.063782059599585,-0.35620844497953785,1.359167677291871,0.0,1.0,1.1059060364821618,1.0,0.0,0.0,0
0.0,-0.8881494986734992,1.8747036586707766,0.07523181408075079,1.0,1.0,0.2224953719213988,0.0,1.0,0.0,1
1.0,-1.381156701642503,0.3576834281885627,0.7505686623472924,0.0,1.0,0.44334803806158957,0.0,0.0,0.0,0
0.0,-0.20552414071641703,0.17921045989653758,-0.556218737555187,1.0,0.0,-0.35172156004309724,1.0,1.0,0.0,1
0.0,-0.9639967606687306,0.3576834281885627,1.9357097936274883,0.0,1.0,1.2384176361662764,0.0,1.0,1.0,0
0.0,-0.31929503370926404,1.1608117855026758,-0.587717903282842,0.0,1.0,0.00164270578120802,0.0,1.0,0.0,0
0.0,-0.015905985728338647,-0.17773547668751263,0.32635707173245754,1.0,1.0,-0.2633804935870209,0.0,1.0,1.0,1
0.0,0.9321847892120533,0.536156396480588,0.6455554989843063,1.0,1.0,1.0175649700260856,0.0,1.0,1.0,1
0.0,0.496063032739473,-0.35620844497953785,-1.0951238722576042,1.0,0.0,-1.676837556884242,1.0,1.0,0.0,1
0.0,-0.034867801227146486,-0.35620844497953785,-0.5269608586196919,1.0,0.0,0.35500697160551326,0.0,1.0,1.0,1
1.0,-0.7364549746830366,0.7146293647726131,-0.7474285170113439,0.0,1.0,-0.2633804935870209,1.0,1.0,0.0,0
1.0,-0.5847604506925738,-0.8916273498556132,1.7195065000016314,0.0,1.0,1.6801229684466579,0.0,1.0,1.0,0
0.0,-0.3003332182104562,-0.8023908657096007,-0.2112214094777215,1.0,0.0,0.26666590514943694,0.0,1.0,1.0,1
0.0,0.60983392573232,0.8931023330646382,-1.305456853486401,1.0,0.0,-2.4277366217608907,1.0,1.0,0.0,1
1.0,-0.015905985728338647,0.17921045989653758,-0.35541155604138447,1.0,0.0,-0.2633804935870209,1.0,1.0,0.0,1
1.0,-0.5657986351937659,-0.8916273498556132,1.220575822403502,0.0,1.0,0.8850533703419711,0.0,1.0,1.0,0
1.0,-1.76039301161866,-0.8916273498556132,1.9223238486187582,0.0,1.0,1.415099769078429,0.0,1.0,1.0,0
1.0,0.21163580025735543,-0.8916273498556132,0.9564360519103742,1.0,1.0,1.5917819019905817,0.0,1.0,1.0,0
0.0,-0.7174931591842286,-0.17773547668751263,-0.7610808489854224,0.0,1.0,0.00164270578120802,1.0,1.0,0.0,1
0.0,-0.35721866470687974,2.4993590476928644,2.3497347243361117,0.0,1.0,1.415099769078429,1.0,1.0,0.0,1
0.0,1.2355738371929788,0.7146293647726131,0.13823943184671217,1.0,1.0,-1.1026206249197459,1.0,1.0,0.0,1
0.0,-0.6037222661913817,1.0715753013566636,-0.7215893576253766,0.0,0.0,-0.7050858258674024,1.0,1.0,0.0,1
1.0,0.07890309176570055,-0.8916273498556132,0.38680722339507156,1.0,1.0,0.3991775048335514,0.0,0.0,1.0,0
1.0,1.7096192246631747,-0.8916273498556132,0.12522226583749266,0.0,1.0,0.9733944367980474,0.0,0.0,1.0,0
1.0,-1.7035075651222362,-0.8916273498556132,0.24858494678640455,0.0,1.0,-0.5284036929552498,1.0,0.0,0.0,0
1.0,-0.09175324772357,1.2500482696486883,0.4781582781779621,0.0,1.0,0.7083712374298184,1.0,1.0,0.0,0
0.0,-0.37618048020568756,0.3576834281885627,-0.23925838242065625,1.0,0.0,0.44334803806158957,0.0,1.0,1.0,1
1.0,-0.09175324772357,-0.7131543815635881,1.0819839675151324,0.0,1.0,1.3267587026223526,1.0,1.0,0.0,0
1.0,-0.5847604506925738,0.536156396480588,0.36241505693471854,0.0,1.0,0.35500697160551326,1.0,0.0,0.0,0
0.0,1.083879313202516,0.0007374916045124783,-0.5724847001850416,1.0,1.0,-0.17503942713094459,1.0,0.0,0.0,1
0.0,0.6287957412311279,-0.8916273498556132,0.9125939226515698,0.0,0.0,1.989316701042925,0.0,1.0,1.0,1
1.0,-0.3003332182104562,-0.35620844497953785,1.251374012378695,0.0,1.0,1.1059060364821618,1.0,0.0,0.0,0
0.0,0.07890309176570055,1.6069942062327387,-1.1086202126742637,1.0,0.0,-1.0142795584636695,1.0,1.0,0.0,1
1.0,-1.0019203916663462,-0.35620844497953785,-0.7369146521577433,1.0,1.0,-0.837597425551517,1.0,0.0,0.0,0
1.0,-0.7743786056806522,-0.8916273498556132,-0.2851576203836861,1.0,1.0,0.575859637745704,0.0,0.0,1.0,0
0.0,-1.0777676536615777,0.8038658489186256,0.03660540492857442,0.0,1.0,0.5316891045176659,1.0,1.0,0.0,0
0.0,-0.8312640521770757,1.2500482696486883,-0.8084089331622263,1.0,0.0,-0.7934268923234787,1.0,1.0,0.0,1
1.0,-0.8691876831746914,0.0007374916045124783,0.16727772525189424,1.0,1.0,0.26666590514943694,1.0,1.0,0.0,1
1.0,-1.0019203916663462,-0.8916273498556132,1.4146044192472187,1.0,0.0,1.1942471029382382,0.0,1.0,1.0,1
1.0,-0.8691876831746914,-0.8916273498556132,5.003655557908096,0.0,1.0,2.298510433639192,0.0,1.0,1.0,0
0.0,0.05994127626689271,0.3576834281885627,-0.5644872685586965,1.0,0.0,-0.2633804935870209,0.0,1.0,1.0,1
1.0,0.8563375272168219,-0.35620844497953785,0.26293327999837685,0.0,1.0,0.3108364383774751,0.0,0.0,1.0,0
0.0,0.36333032424781814,1.6962306903787512,-1.540173926972817,0.0,0.0,-1.676837556884242,1.0,1.0,0.0,1
1.0,-0.11071506322237784,0.08997397575052513,0.4599837227761307,0.0,1.0,0.5316891045176659,0.0,0.0,1.0,0
1.0,-0.8502258676758836,-0.8916273498556132,0.8239898991844753,0.0,1.0,1.5034408355345052,0.0,1.0,1.0,0
0.0,0.1547503537609319,-0.5346814132715629,-0.1715023644752309,0.0,1.0,-0.13086889390290646,1.0,1.0,0.0,0
0.0,-0.6037222661913817,0.8931023330646382,-1.2836356245449663,1.0,0.0,-1.986031289480509,1.0,1.0,0.0,1
1.0,0.5150248482382809,-0.8916273498556132,-0.3606124444124623,0.0,0.0,0.9733944367980474,0.0,0.0,1.0,0
0.0,-1.4759657791365421,-0.8916273498556132,1.208406781486474,1.0,1.0,0.35500697160551326,0.0,1.0,1.0,1
1.0,-0.7743786056806522,-0.8916273498556132,1.5320775152954553,0.0,1.0,1.0175649700260856,1.0,0.0,0.0,0
0.0,0.5150248482382809,0.0007374916045124783,-0.7832993500412747,0.0,0.0,0.04581323900924617,0.0,1.0,1.0,0
0.0,-1.381156701642503,-0.5346814132715629,-0.8646985480707335,1.0,1.0,-0.44006262649917355,0.0,1.0,1.0,0
1.0,-0.7364549746830366,0.44691991233457534,-1.4289743445800311,0.0,1.0,-1.5443259572001273,1.0,0.0,0.0,0
0.0,1.6148101471691354,1.785467174524764,-0.4318281176339696,1.0,0.0,-0.3075510268150591,1.0,1.0,0.0,1
1.0,-0.20552414071641703,0.17921045989653758,0.12210704662161066,1.0,1.0,0.44334803806158957,0.0,1.0,1.0,0
0.0,0.4581394017418573,0.17921045989653758,-1.6086431661597729,1.0,0.0,-2.7369303543571575,1.0,1.0,0.0,1
0.0,-0.7174931591842286,0.0007374916045124783,0.4487257997944291,1.0,0.0,0.7967123038858948,0.0,1.0,1.0,1
1.0,1.4251919921810572,-0.8916273498556132,-0.5568647165398359,1.0,1.0,0.17832483869336063,0.0,0.0,1.0,0
0.0,-0.9450349451699227,-0.08849899254150008,-0.4181342697965782,1.0,1.0,-1.0584500916917077,1.0,1.0,0.0,1
1.0,1.0080320512072847,0.8931023330646382,-1.1666688780486614,1.0,0.0,-1.2351322246038603,1.0,0.0,0.0,0
1.0,-1.9120875356091225,-0.17773547668751263,-0.35541155604138447,0.0,0.0,-1.0584500916917077,0.0,1.0,1.0,1
0.0,-1.248423993150848,0.9823388172106509,-1.204781638142963,1.0,0.0,-1.986031289480509,1.0,1.0,0.0,1
1.0,0.4391775862430495,-0.4454449291255504,-0.05857566789952252,0.0,0.0,0.08998377223728433,0.0,1.0,0.0,0
1.0,-1.5518130411317737,0.536156396480588,0.23146763698966555,0.0,1.0,1.0617355032541238,0.0,1.0,1.0,0
1.0,1.4251919921810572,-0.7131543815635881,0.5425418246419405,0.0,1.0,0.9733944367980474,0.0,1.0,1.0,0
0.0,-0.7364549746830366,-0.8916273498556132,1.0748932214510762,1.0,1.0,0.4875185712896277,0.0,1.0,1.0,0
1.0,-0.11071506322237784,-0.17773547668751263,1.677268982321367,0.0,0.0,1.2384176361662764,0.0,1.0,1.0,0
1.0,-1.0019203916663462,0.17921045989653758,0.006197380702392939,0.0,1.0,0.08998377223728433,0.0,1.0,0.0,0
0.0,-0.8123022366782678,-0.8916273498556132,0.10308781351412294,1.0,1.0,0.7967123038858948,0.0,1.0,1.0,0
1.0,1.0269938667060925,-0.8916273498556132,0.347960439773028,0.0,1.0,0.8850533703419711,0.0,0.0,1.0,0
0.0,-0.37618048020568756,1.339284753794701,-0.021971842112913906,0.0,0.0,0.6642007042017803,1.0,1.0,0.0,1
1.0,-0.8312640521770757,-0.8916273498556132,-1.0523305977657567,1.0,0.0,-1.8535196897963946,1.0,1.0,0.0,1
1.0,0.8563375272168219,-0.8916273498556132,1.2126562878384521,0.0,1.0,0.5316891045176659,0.0,1.0,1.0,0
1.0,-0.8691876831746914,-0.8023908657096007,0.21917595176328344,1.0,1.0,-0.3075510268150591,0.0,1.0,1.0,0
1.0,-0.2434477717140327,0.0007374916045124783,-2.199126483588324,1.0,1.0,-3.4878294192338064,1.0,1.0,0.0,1
1.0,-0.8691876831746914,0.3576834281885627,1.6248584039803065,0.0,1.0,0.9733944367980474,0.0,0.0,1.0,0
1.0,-0.9260731296711149,-0.17773547668751263,0.21418573767564988,0.0,0.0,0.35500697160551326,0.0,1.0,1.0,0
1.0,-0.2624095872128405,-0.8916273498556132,0.23146763698966555,0.0,0.0,1.0617355032541238,1.0,0.0,0.0,1
0.0,0.2495594312549711,0.17921045989653758,-1.5834503513379596,0.0,0.0,-2.3393955553048142,1.0,0.0,0.0,1
1.0,1.9750846416464845,-0.35620844497953785,-0.0038953727154953546,1.0,1.0,0.575859637745704,0.0,0.0,1.0,0
0.0,0.8184138962192062,0.17921045989653758,-0.03599032858438073,1.0,0.0,0.8850533703419711,1.0,1.0,0.0,1
0.0,0.723604818725167,-0.7131543815635881,-0.20480616990603326,0.0,1.0,0.3991775048335514,1.0,1.0,0.0,1
1.0,-0.2813714027116484,-0.8916273498556132,1.4977595321802406,0.0,1.0,1.3267587026223526,0.0,1.0,1.0,0
1.0,-0.5278750041961503,-0.8916273498556132,1.2344350078923387,1.0,1.0,1.5917819019905817,0.0,1.0,1.0,0
0.0,-1.2105003621532324,-0.8916273498556132,0.9647139364557428,0.0,1.0,1.7684640349027343,1.0,1.0,0.0,0
1.0,-0.18656232521760918,-0.8916273498556132,0.18905644530578078,0.0,1.0,0.840882837113933,0.0,1.0,0.0,0
0.0,-0.05382961672595432,-0.8023908657096007,0.5643595048390365,1.0,1.0,-0.3075510268150591,1.0,1.0,0.0,1
1.0,1.0459556822049003,-0.8916273498556132,-0.2189315770370288,1.0,1.0,0.4875185712896277,0.0,0.0,1.0,1
1.0,1.2355738371929788,0.8038658489186256,1.1032562057073008,0.0,0.0,0.5316891045176659,0.0,1.0,1.0,0
1.0,0.9890702357084769,-0.5346814132715629,-0.7012312320485539,1.0,1.0,0.04581323900924617,1.0,1.0,0.0,0
1.0,0.9321847892120533,-0.08849899254150008,-1.2161585814546947,1.0,0.0,-1.1026206249197459,1.0,1.0,0.0,1
0.0,-0.31929503370926404,-0.8023908657096007,-0.04380833065500667,1.0,0.0,-0.13086889390290646,0.0,1.0,1.0,0
1.0,-0.5468368196949581,-0.8916273498556132,-0.10144953236216427,0.0,1.0,0.6200301709737422,0.0,1.0,1.0,0
1.0,-0.79334042117946,1.785467174524764,0.5196090185681044,1.0,1.0,-0.08669836067486829,1.0,1.0,0.0,0
0.0,-1.381156701642503,-0.8916273498556132,-0.1427921873797122,1.0,0.0,0.5316891045176659,0.0,1.0,1.0,1
1.0,-0.05382961672595432,0.44691991233457534,1.3585230640133206,1.0,1.0,0.9292239035700093,0.0,1.0,1.0,0
1.0,-0.18656232521760918,-0.08849899254150008,-0.01566352320075329,0.0,1.0,0.9292239035700093,0.0,0.0,1.0,0
1.0,0.4771012172406652,0.0007374916045124783,-0.42955187962908403,1.0,0.0,-1.411814357516013,1.0,1.0,0.0,1
1.0,-0.7554167901818444,-0.26697196083352526,3.3956526979456765,0.0,1.0,1.8568051013588105,0.0,0.0,1.0,0
0.0,0.09786490726450839,-0.8916273498556132,0.2845477563112839,1.0,0.0,0.4875185712896277,0.0,1.0,1.0,1
1.0,-0.07279143222476216,1.0715753013566636,-1.662134759274582,1.0,0.0,-2.3835660885328522,0.0,1.0,0.0,1
0.0,1.444153807679865,2.142413111108814,-0.5975613925727344,1.0,1.0,-0.44006262649917355,0.0,1.0,0.0,1
1.0,-0.35721866470687974,2.3208860794008395,0.405896744972739,0.0,1.0,-0.13086889390290646,1.0,1.0,0.0,1
1.0,0.60983392573232,0.3576834281885627,-0.22674957910765475,0.0,0.0,1.0617355032541238,1.0,1.0,0.0,1
0.0,-1.381156701642503,1.339284753794701,-0.08798913305412563,1.0,1.0,-1.3234732910599367,1.0,1.0,0.0,1
1.0,0.8373757117180141,0.8038658489186256,-1.4064104334805585,1.0,0.0,-1.9418607562524708,1.0,0.0,0.0,1
0.0,0.1547503537609319,1.4285212379407137,-0.30023879857153857,1.0,0.0,0.3108364383774751,1.0,0.0,0.0,1
1.0,-0.8691876831746914,-0.17773547668751263,-0.1427921873797122,0.0,0.0,0.5316891045176659,0.0,1.0,1.0,1
1.0,-0.2624095872128405,-0.17773547668751263,0.38506492579076024,0.0,1.0,1.2384176361662764,0.0,1.0,1.0,0
0.0,0.11682672276331622,-0.35620844497953785,-0.3989689961491581,0.0,0.0,-0.35172156004309724,1.0,1.0,0.0,1
1.0,-0.45202774220091896,-0.8916273498556132,1.677268982321367,1.0,1.0,1.2384176361662764,0.0,1.0,1.0,0
1.0,0.0030558297704691923,0.3576834281885627,0.07857893812333777,0.0,1.0,0.4875185712896277,1.0,0.0,0.0,0
1.0,1.6148101471691354,-0.8916273498556132,-0.4806391963512328,0.0,1.0,0.35500697160551326,0.0,1.0,1.0,1
1.0,0.2874830622525868,-0.8916273498556132,-1.258461581937754,0.0,0.0,-0.881767958779555,0.0,0.0,1.0,0
1.0,2.733557261598798,0.17921045989653758,-0.40318423228861994,1.0,1.0,0.3108364383774751,1.0,0.0,0.0,0
0.0,-1.4380421481389265,1.4285212379407137,-1.313675238412396,1.0,1.0,-1.1026206249197459,0.0,1.0,0.0,1
0.0,-0.39514229570449544,1.4285212379407137,-1.1433461442596111,1.0,0.0,-0.9259384920075933,1.0,1.0,0.0,1
0.0,0.07890309176570055,0.8931023330646382,-0.9109267342274782,0.0,0.0,-0.17503942713094459,1.0,1.0,0.0,1
0.0,-0.39514229570449544,0.0007374916045124783,0.7770818867607197,0.0,1.0,0.7967123038858948,0.0,1.0,0.0,1
