order_month,customer_state,order_count,customer_count,revenue,avg_review_score,state_rank_in_month,pct_of_month_revenue
2018-01-01,SP,1,1,1280.0,5.0,1,55.65
2018-01-01,RJ,1,1,650.0,2.0,2,28.26
2018-01-01,MG,1,1,370.0,5.0,3,16.09
2018-02-01,PR,1,1,950.0,4.0,1,40.77
2018-02-01,BA,1,1,720.0,1.0,2,30.9
2018-02-01,SP,2,2,660.0,4.5,3,28.33
2018-03-01,RJ,1,1,1350.0,2.0,1,39.36
2018-03-01,RS,1,1,1100.0,2.0,2,32.07
2018-03-01,SP,1,1,760.0,4.0,3,22.16
2018-03-01,MG,1,1,220.0,5.0,4,6.41
2018-04-01,SC,1,1,810.0,1.0,1,58.27
2018-04-01,PE,1,1,410.0,4.0,2,29.5
2018-04-01,RJ,1,1,170.0,5.0,3,12.23
2018-05-01,SP,1,1,1280.0,2.0,1,69.57
2018-05-01,PR,1,1,560.0,4.0,2,30.43
