order_id,customer_id,order_status,order_purchase_timestamp,order_approved_at,order_delivered_customer_date,order_estimated_delivery_date
O1001,C001,delivered,2018-01-05 10:12:00,2018-01-05 10:30:00,2018-01-10 15:20:00,2018-01-15 00:00:00
O1002,C002,delivered,2018-01-09 13:25:00,2018-01-09 14:10:00,2018-01-20 12:05:00,2018-01-18 00:00:00
O1003,C003,delivered,2018-01-18 09:45:00,2018-01-18 10:00:00,2018-01-25 16:10:00,2018-01-30 00:00:00
O1004,C004,delivered,2018-02-02 18:30:00,2018-02-02 19:00:00,2018-02-08 11:00:00,2018-02-10 00:00:00
O1005,C005,delivered,2018-02-06 08:05:00,2018-02-06 09:00:00,2018-02-20 18:00:00,2018-02-16 00:00:00
O1006,C001,delivered,2018-02-11 22:18:00,2018-02-11 22:40:00,2018-02-18 10:30:00,2018-02-23 00:00:00
O1007,C006,delivered,2018-02-22 12:00:00,2018-02-22 12:20:00,2018-03-01 17:30:00,2018-03-05 00:00:00
O1008,C007,delivered,2018-03-01 07:50:00,2018-03-01 08:00:00,2018-03-16 20:00:00,2018-03-12 00:00:00
O1009,C008,delivered,2018-03-05 16:40:00,2018-03-05 17:10:00,2018-03-10 09:15:00,2018-03-20 00:00:00
O1010,C009,delivered,2018-03-14 11:11:00,2018-03-14 11:40:00,2018-03-19 14:00:00,2018-03-25 00:00:00
O1011,C010,delivered,2018-03-25 21:05:00,2018-03-25 21:30:00,2018-04-05 13:30:00,2018-04-02 00:00:00
O1012,C011,delivered,2018-04-03 09:35:00,2018-04-03 10:00:00,2018-04-14 15:45:00,2018-04-15 00:00:00
O1013,C012,delivered,2018-04-08 15:20:00,2018-04-08 15:45:00,2018-04-22 19:30:00,2018-04-18 00:00:00
O1014,C002,delivered,2018-04-15 20:10:00,2018-04-15 20:35:00,2018-04-21 09:20:00,2018-04-28 00:00:00
O1015,C004,delivered,2018-05-02 13:00:00,2018-05-02 13:30:00,2018-05-09 12:00:00,2018-05-12 00:00:00
O1016,C006,delivered,2018-05-09 17:45:00,2018-05-09 18:00:00,2018-05-24 18:40:00,2018-05-20 00:00:00
O1017,C003,canceled,2018-05-18 10:00:00,2018-05-18 10:15:00,,2018-05-30 00:00:00
O1018,C005,shipped,2018-05-25 09:10:00,2018-05-25 09:35:00,,2018-06-05 00:00:00
