order_id,order_item_id,product_id,seller_id,price,freight_value
O1001,1,P001,S001,1200.0,45.0
O1001,2,P003,S002,80.0,12.0
O1002,1,P002,S003,650.0,60.0
O1003,1,P004,S004,210.0,18.0
O1003,2,P006,S005,160.0,20.0
O1004,1,P007,S001,950.0,38.0
O1005,1,P008,S003,720.0,70.0
O1006,1,P005,S006,300.0,25.0
O1006,2,P009,S002,60.0,10.0
O1007,1,P010,S004,180.0,16.0
O1007,2,P003,S002,120.0,14.0
O1008,1,P001,S001,1350.0,50.0
O1009,1,P006,S005,220.0,22.0
O1010,1,P002,S003,500.0,55.0
O1010,2,P005,S006,260.0,20.0
O1011,1,P007,S001,1100.0,44.0
O1012,1,P004,S004,240.0,18.0
O1012,2,P010,S004,170.0,16.0
O1013,1,P008,S003,810.0,75.0
O1014,1,P009,S002,95.0,12.0
O1014,2,P003,S002,75.0,10.0
O1015,1,P005,S006,420.0,24.0
O1015,2,P006,S005,140.0,18.0
O1016,1,P001,S001,1280.0,48.0
O1017,1,P004,S004,300.0,22.0
O1018,1,P002,S003,640.0,62.0
