order_id,payment_sequential,payment_type,payment_installments,payment_value
O1001,1,credit_card,3,1337.0
O1002,1,boleto,1,710.0
O1003,1,credit_card,2,408.0
O1004,1,credit_card,4,988.0
O1005,1,credit_card,5,790.0
O1006,1,voucher,1,100.0
O1006,2,credit_card,2,295.0
O1007,1,debit_card,1,330.0
O1008,1,credit_card,6,1400.0
O1009,1,boleto,1,242.0
O1010,1,credit_card,3,835.0
O1011,1,credit_card,5,1144.0
O1012,1,debit_card,1,444.0
O1013,1,credit_card,6,885.0
O1014,1,voucher,1,50.0
O1014,2,credit_card,1,142.0
O1015,1,credit_card,3,602.0
O1016,1,boleto,1,1328.0
O1017,1,credit_card,2,322.0
O1018,1,credit_card,4,702.0
